text,label
"I knew I'd seen ""Get Out"" before... It was called ""Freaky Friday"" /s",reaction
Obsession isn’t smart. It isn’t layered. It isn’t nuanced. It isn’t commenting on centuries of oppression in an inventive way.,hot_take
"To begin with, sure. But the most telling part for me was when he was on customer support and the CS guy asked Bear if he'd want to cancel his wish and Bear didn't want to at first.",hot_take
"It’s about growth and change and stagnation. The Backrooms is a perfect metaphor for it. It’s Clark. It looks like it’s different than anything you’ve seen before, but then you realize it’s just a bad, rearranged copy of everything that’s ever been. Clark acts like he wants to change, but he never actually does, stewing in his bitterness and blaming everything around him. He is a bad copy of all the worst things about himself, and it’s only until Mary calls him to task, does he finally do something new. Something healing. Letting Mary go. Something the Backroom immediately punishes him for.",hot_take
"I feel like you're implying Phil sounds a little like Clark in the end, but I don't understand what you mean.",hot_take
"There are two ways people use the term ""blockbuster"", one is based purely on metrics. So a movie that makes a ton of money. The second, which I think is the more common one now, is a movie made by a major studio with the specific intention to make a lot of money. 

A lot of people have problems with the second because it's more commerce driven that art driven.",hot_take
"The cinephiles who post here are smart, more cultured, and have better taste than your average person. That means if a movie is popular, it must be bad, because all those average people are stupid slobs who dont appreciate art.",hot_take
"hese are, technically I guess, ""plot holes,"" but focusing on that is to miss the point of the movie, which is: what does it mean to be human. Like, there's no reason at all for replicants to not be obviously artificial: give them green skin or three eyes or some other kind of visually distinct characteristics that mark them as artificial. But again, that's not the point. It's about a society that has deemed a certain class as inhuman, and the morality of that decision, and how it affects the ones charged with enforcing that decision.",analysis
The plot isn’t as tight as the visual elements that’s for sure. But also you may be overthinking it quite a bit. BR is an experience more than it is a tightly written narrative masterpiece. The sequel is a bit tighter in that regard.,hot_take
"Two things stand out. One, it was 1982 and some things just weren't assumed like ""face scanning.""

Also, this film is the final product of a long and messy history. There were many changes, hot fixes, and even edits done that left holes and problems in it.

The strength of the film is that it's so good on other levels you can look past those failings.",hot_take
Love the complexity of your off-the-top-of-your-head explanations.,reaction
"Typically, a monster is the mechanism through which a space becomes scary. Eraserhead, Skinamarink, and the Backrooms seem to reverse this process. The setting itself becomes so terrifying as to make any monsters within it almost secondary. The setting is no longer just where the scary happens-it is the scary itself. Oddly, Eraserhead reads like a prototype; Skinamarink seems to extend this to the ultimate in atmosphere and space as the terror; and Backrooms extends this into an entire mythos where the space is the core source of horror even with monsters there. I find backrooms to be the liminal space horror of the year thus far. Obviously I'm just a fanatic and I don't actively study film theory but I'm curious as to where my correlation thrives and fall short, and are there any movie suggestions that I can watch to further my understanding?",analysis
Inland Empire is one of very few movies that actually scared me,reaction
"I liked The Backrooms pretty well, but I felt it would have been better still if it had the confidence to let the strange space be the monster, rather than pivoting toward more typical monster territory in the back half.",hot_take
"Backrooms did a solid job of reimagining House of Leaves, in live-action format.",hot_take
"I have recurring nightmares about evil rooms. They’re always in old shabby Lynchian houses. Occasionally, I have the opposite dream, where I find myself in an old shabby house, but I’m overjoyed that I found my way back to it. BTW, I love Eraserhead and Skinamarink and I’m going to see Backrooms this weekend",reaction
"Speed Racer wouldn't exist as a non-digital film. Part of Tár's appeal is the clinical digital look, especially at venues. Silent Twins looks incredibly well, ""cinematic"", and it's a fully digital feature. Pogorzelski shoots digital, and his films are very tactile.",analysis
"
I just watched Casper recently and got sentimental because no kids movie will ever look like this again.",reaction
"Yeah, the democratisation of means of film production (pun intended) grates on some people.",hot_take
"
I wouldn't go as far as saying I despise the digital age of film, but I do agree that even low budget schlock from the 20th century had a better texture to it. I just watched one called Nightmare Sisters, real Cormanesque shit. But it has colored lights, some odd set design and a texture to the image that endeared me to it.",reaction
"
Agreed. This is conflating things. Using film isn't the secret sauce, it's having the creative vision and director's intent to capture things they right way in camera and not rely on ""figuring it out in post""",hot_take
"I don't think so. The film stocks right now aren't what they used to be in the past. James Gray spoke about it a lot, Kodak makes film stocks more appropriate for digital landscape. The look isn't the same, for example Gray had to put the film in the oven for Ad Astra and by the time he shot Armageddon Time, the film stock was so resilient that he couldn't degrade it like he wanted, so he decided to shoot on digital with a filter.",analysis
"Scorsese doesn't shoot only on film, he shoots a mixture of digital and film. I don't think Nolan's films are particulary visually interesting. Chazelle's best film was shot on digital. There's plenty of directors who make really great digital work with beautiful images and tactility, I don't think it's digital vs film, it's how you use each medium. Pedro Costa's or Albert Serra's films wouldn't be possible with film and they are some of the most interesting directors working. ​",analysis
"I think it's only going to get worse, as the generations raised on content come into the filmmaking space, I'm not sure how many are going to have the necessary patience to make something truly spectacular.",reaction
"Idk, I think OP is spot on, as the OG Jurassic Park dinosaurs were nowhere near as haptic as the ones in Carnosaur.",hot_take
"Watch more movies not just hollywood slop. A lot of great filmmakers like Lav Diaz, Albert Serra, Pedro Costa etc. have been using digital cameras in very cinematic ways.",hot_take
I watched probably more movies than you and you havent read my post at all. I even mentioned Lav Diaz.,reaction
"Yep. The only real brightside is that they may have succeeded in dealing with the threat. But as they mention to each other, once the fire dies down, they're going to freeze to death anyway.

The nearest base already suffered the same fate. Help isn't coming. And the unnerving thing they still both have to think about is whether the Thing's really dead or not.",analysis
"I like this and I agree I think they’re both human at the end, but I think the theme of a lingering paranoia between them is part of what the movie is trying to say.",hot_take
"ive always seen movies and shows and thought ""Wow, this is great!""",reaction
"Concept art is just that ""a concept"" its inspiration and a dream of the best case scenario.",hot_take
"Concept art is essentially free. You can draw anything you can think of. But every frame in a production costs an eye-watering amount of money, labour and time, from set builds to props to locations to CG extensions, and as a result it can feel less impressive. Some movies are better at using that money, labour and time than others.",analysis
"I think at least part of the other issue is that concept art is just that, art, and not a real world creation, and that like much art, our imagination fills in some of the gaps. So I am sometimes not surprised when a very evocative looking costume or set piece when translated into something like the real world doesn't always feel as amazing.",analysis
"Now you see me now you don't - fun, extremely illogical but I think that's just their usp now",reaction
"Good luck, have fun, dont die - hilarious, bone chilling",reaction
Roofman - Again a small simple film driven by the story not by shenanigans. Not my favourite but also not bad,reaction
"No Hard Feelings (2023, Gene Stupnitsky)

Not typically one for rom coms, I enjoyed this one! Jennifer Lawrence is great as Maddie, down on her luck and hired to date an awkward 19 year old about to leave for college. It’s about what you’d expect, but a fun watch. 6/10",reaction
"Eternity (2025, David Freyne)

Mixed feelings about this one. I like media that explores the concept of an afterlife, but this one was essentially two men in a competition over who could win eternity with Elizabeth Olsen. It had some touching deeper moments but was pretty surface level for most of it. 6.5/10",analysis
"I’m not fully sure the ending is better for the ending being lighter. I kind of get it, but I do remember a bit of tonal whiplash from coming out of such a dark story into a “everything will be okay” sort of ending. Maybe the original ending may have been just too much, but it just felt shallow for the mother to snap out of it in the way she did. I recall when watching expecting to see the fruition of the spell and was hoping for them to nail it. In a way, the resolution it got feels a little tepid and safe to me.",hot_take
"
What troubles me isn't so much the original decision from the 1970s as the fact that Kinski reportedly spent years trying to raise the issue privately without success. If that's accurate, it makes the eventual response feel reactive rather than reflective.

I still think Wenders is an enormously important filmmaker, but admiration for an artist and criticism of their choices aren't mutually exclusive. That's probably where I land on it.",analysis
"If the movie is good, then it'll stay good forever.",reaction
"Hollywood (and the broader film industry) is an endless breeding ground of horrible people, so I got tired of the endless controversies and just put my efforts into actual world news and local politics. ",hot_take
"
The victim, and she absolutely is one, has been trying for years to get Wenders to remove it.
I'm not sure why you think simply the passage of time means problems vanish.",hot_take
"This is auteur apologism, where ""genius artists"" are pretty much absolved of amoral behaviour, which is excused as just a cultural thing from the past. Would be a different case if it was just some random dude instead of the guy who directed all those classic films.",analysis
"Been on a Michael Haneke run. Cache (Hidden) this week - the anxiety builds from scene one and never really lets up. Then Funny Games, which is a completely different kind of uncomfortable. Both leave you sitting with the discomfort long after. Anyone else going through a director's whole filmography lately?",reaction
"Whisper of the Heart (1995, dir. Yoshifumi Kondo)

Delightful coming-of-age story. Hayao Miyazaki's script has great commentary on the artistic process, and this is realized beautifully by Kondo's gentle direction, bringing the audience into the world of a girl who's much too active and aware to be written off as a child but is not confident and autonomous enough to be mistaken for a young woman just yet. Shizuku fits the Ghibli heroine mold admirably, complex in her characterization but never just her flaws or idiosyncrasies. She's a fully fleshed-out person, weaving in and out of her social spheres deftly but also finding time to chase a cat just because it's there, or to appreciate the beauty of urban cityscapes that most people would not find aesthetically pleasing. Her most endearing and interesting trait is her creative spark. She loves to write and loves books and music, but for one reason or another, she has no confidence in her ideas or output, even though her friends consistently praise her and perfect strangers play accompaniment for her cover of Take Me Home, Country Roads. Her arc is not one of finding and realizing a dream, but one of learning how hard it is to commit to one and just how self-gratifying it can feel when something meaningful comes from that commitment. It's the one lesson every young artist needs to learn, and if you're emotionally honest and consistent enough, you will improve and make something that will really resonate with someone. I really like how direct this aspect of Whisper of the Heart is. It makes me wish I'd watched it as a teenager. If you are an artist - or not, really - this is a great watch. It's criminal that Kondo died before directing another feature. Miyazaki and Isao Takahata imagined that he would have been their heir to the studio's throne, and after seeing this film, it's easy to see why.",analysis
"Win Wenders makes incredible, intimate and thought provoking films and that’s all I need him to do.",reaction
"I don’t need him to be a perfect person outside of that, and presupposing that any general stance on him should change based on two minor controversies is just purity policing lol",hot_take
"I like Paris, Texas but I find his comments about art not having a political purpose to be rather disappointing and shallow. ",reaction
Honestly I hope we can finally just have to stop hearing about Perfect Days; someone makes a new thread on it practically every other day. Jesus! Reddit gets these movies in its collective head and then glazes them to death,hot_take
"Adored him in late adolescence, followed his works, but later in my life it always felt like something was... off. There was a hint of lone-wolfing, objectifying, male gaze, fantasy-shaped women that didn't quite match his Auteur aspirations. Not bad, not ... ""actionable"" in a sense, but some heightened awareness when (re-)watching his films.",reaction
So I fully expected him to pull an old white man when that scene made headlines. Positively surprised how he handled the public side of it.,hot_take
"Pina???

Because that was an incredible tribute to the choreographer, and I didn’t think there was anything male-gazey about it, quite the opposite.

I’m actually totally on Kinski’s side in this particular controversy, but I think it is important to distinguish “male gaze looking” from the love of looking for its own sake – Wings of Desire and Perfect Days both look at people, of both genders, at places, at colors.",hot_take
"I think by blowing it up on social media and vilifying him in the press we're sending entirely the wrong message.

Yes he should have changed it sooner, but it went largely under the radar until he did the right thing and now everyone is mad about it.

What message does that send to other filmakers in a similar position?",hot_take
"
Yeah the backrooms lore has been it's own thing separate from liminal space horror for awhile, basically since the original posting on 4chan. While Parsons's stuff is best known there's tons of other shorts and video games and everything using the backrooms as a backdrop.",hot_take
"
Yes, amazing pull… the original Dawn of the Dead is the perfect “liminal space” movie…",reaction
Is that why the second found footage stuff gets shoehorned in? I was unaware of the online presence/ history and that second found footage was a very jarring switch.,hot_take
"
Most of the backrooms youtube content has a found footage framing. I didn't find it particularly jarring because the film at least explained why the camera was there. Clark wanting proof of the anomaly. (We also find the reason behind the found footage at the start too).

But that found footage element is again more about teasing jumpscares than liminality. (Though your mileage will vary in trying to find a definitive consensus on what the parameters of liminality actually are)",analysis
"
There's a lot of great things to say about this film- the cinematography, the performances, the atmosphere...I liked it a lot. Found it to be the most original thing I've seen in a long while. Some of the scenes outside of the backrooms might feel a little stilted or thinly conceptualized, but it all works well enough for me.",reaction
"The film was obviously made to slowly introduce the concept of liminal spaces to a broader mainstream audience. And I am at peace with that, because I also found the character work and general aesthetic vibe to be very compelling and internally consistent. I’m sure that based on this movie’s success, further films can now be produced that push the envelope. I’m glad that the characters’ stories were not given the Hollywood style treatment.",analysis
What? The original 4chan post mentioned something in the backrooms listening to you. The entire premise of this post is false,hot_take
"
that said, while the argument that ""the backrooms betrays its own concept"" doesn't really hold water, I do completely agree with the OP's arguments that the overly choreographed scares and focus on exposition and expansion of scope in the back half make the film far less effective than it could be - the execution of the movie doesn't end up feeling nearly as interesting/unique as the base concept is",analysis
"If they went full liminal, the movie would've been horrible and a flop without a doubt. The adaptation was the best interpretation of the source material. You can't make 210 million from a movie of boring, empty rooms like you want.",hot_take
Backrooms was flawed but extremely unique and interesting. Obsession was great execution of scenes and trends we’ve been seeing for a decade. I don’t find them comparable whatsoever but I loved both.,reaction
"I also don’t see Backrooms as fundamentally a horror movie, more of a sci fi mystery. None of Kane’s work goes for intense scares. So I don’t find the lack of that to be any issue. Disagree with almost everything else you said but eh, it’s not for everyone.",hot_take
"Yeah. It wasn't typical horror. It was existential dread, cosmic horror, mystery. I dont know if it was science fiction as technology wasn't overtly discussed. Depending on which lore you beleive in (as a man-made creation of the backrooms OR its timeless existence) I didn't find many scifi themes.

A couple of movies cames to mind after digesting it. Solaris (with its simulacrums created by a mysterious entity), shining (with its maze like structure & a cursed place), and annihilation (with its cosmic dread).

I found the the ideas & themes fascinating. The idea of perverted copies (simulacrums) lines up well with distorted nature of memory and it also lines up nicely with A.I.

It would've been fascinating if the movie had played with the backrooms erasing stuff on the outside world as it went about creating stuff within its spaces. Analogous to a blackhole.",analysis
"The real horror for me is being trapped in an endless, featureless, extradimensional labyrinth with no means of escape. The movie doesn't communicate any real passage of time (Clark has mapped out the place after only being in there once and resorts to eating zombie styrofoam flesh after being in there for what feels like a day). Poking around the Backrooms isn't scary on its own, it's the thought of spending days, weeks, months there.",analysis
"For me at least, this would all be ""fixed"" if it were presented more like The Blair Witch Project. Have it all be found footage and only imply that there's something lurking in there and never show it. But if they did that it wouldn't have made 100 bajillion dollars.",hot_take
"There is a time jump, judging by the amount of mail shoved under the door of the furniture store when mary goes looking for clark, he’s been missing for a couple of weeks.",analysis
"
The problem is that there is a time jump. It cuts out the part that makes the concept uniquely scary.",hot_take
"I liked the premise of the movie, but for me, the whole “liminal spaces” thing in general goes over my head. Sure, the rooms in the movie are creepy but mostly because it’s an endless mysterious maze. I really don’t understand the internet culture fixation with the topic though. Multiple subreddits of people just posting arbitrary empty hallways. Always just an empty room. WOW so scary, no people here. Sorry but photos of empty places don’t make me feel scared. But I do want to understand why it’s such a phenomenon. Is it literally because people imagine someone or something could be hiding around the corner? If that’s all it takes to make you feel scared, how do you function in life? I guess I’m just NOT wired that way ;)",analysis
"There is too much to talk about here. I just wanted to say that I completely agree with your opinion about the Backrooms contradicting their initial concept of liminality. The more info you add, the less ""off"" it becomes.",reaction
"I haven’t seen the film yet but OP, thanks for writing an actual critique. You had thoughts and they are interesting thoughts and you have a healthy respect for context in both the new and the old. Thanks for taking the time!",reaction
"One thing I really didn’t like was the portal to the backrooms. You just phase through a wall. I am not familiar with the source material, but I feel like the feeling of being where you aren’t supposed to be would be stronger if there was secret entrance like in Barbarian. The phase wall just felt too cartoonish.",hot_take
"Personally loved how the film explained a little bit for lore and gave the rest for me to make up after. The back rooms designer's did a great job making the sets look like nothing you've seen anywhere but in your dreams. Cane's slow descent to madness, I believe, effected the rooms and monsters. This is when he became a monster himself. But also how the monsters seemed to stay around him not fighting I'm the dinner table scene. There was a lot for the imagination to fill in. I have not stopped thinking about this movie and the possibilities since I left the theater.",analysis
"I screamed in the theater ""Bobby! No!"" I feel when Bobby went to explore, cane purposefully tied his rope too tight. These theoretical ideas made the movie more enjoyable for me. All that laundry was the countless people who got stuck there before. Are there other portals than just to the furniture store and the lab? Definitely recommend this movie 10/10 out of fucked up stars",analysis
"As I understand it, we saw a bunch of shots of various ""moments"" in time being contained in the Backrooms. The destroyed house, the tiny development where Kat and her boyfriend lived, etc. If the people in the spaces get copied along with the space, and the space is a copy of a copy of a copy, and you had strong emotions during that moment, then maybe the emotions get stretched and warped and distorted as well. Cane was a prick from the get go, but there was a clear attempt to ""fix"" himself, or at least hide it, or cover it up. But the monster version of him doesn't (or maybe just can't) have that ability. It was a warped version, one that became a monster in reality, and not just metaphorically.",analysis
"We were also theory crafting as to why the monster had a heel turn and ate Cane, and maybe it was something to do with no longer being able to recognize himself? Because human Cane just had a moment of character growth (even if not particularly a positive one), that cause him to no longer be identified as ""Cane"" to the monster.",analysis
"
I agree with you, and those that say you had misaligned expectations don't really understand what you are saying.",reaction
"I think the fact that Skinamarink met such a divisive response really says it all. General audiences are not primed for works geared more towards atmospheric and abstract. If you move outside the comfort zone by forsaking traditional plot and character tropes, you invite poor reception.",hot_take
"My main gripe was I felt the movie should have spent more time with the main actor when he begins exploring and documenting the backrooms.

Showing the absurd scale and architectural insanity of the place - and the actor’s psychological reaction to it - could better contextualize his heel turn into a babbling psychotic.

Maybe we spend more time in Corporate Office aesthetic, and then explore a bit before he finding other setting variations.

I’d have loved at least one long tracking shot where he walks from one cavernous or distorted office to another.",analysis
Still was a great film. Masterful directing for a first feature. I’m going to watch it a few more times. I hope Kane gets a premium 10-part mini-series to narratively expand it.,reaction
"
Too tired to read all this now, but I knew once we saw whatever the monster was the spark of the film would be dead for me 🥀",hot_take
i think directors should have less money when they start off because limitations forces innovation. It feels like it was too limitless to me and Kane got stuck just trying to be artistic but it falling flat for me personally,hot_take
’m going to disagree on Backrooms. Part of the movie is the odd emptiness and what might be in that “emptiness.” I found myself scanning the rooms constantly for anything off. I think the center framing worked well for that.,analysis
I mean they could have at least tried some compositional variety in their boring dialogue scenes which had no blocking and were just basic shot-reverse-shot of 2 people sitting across from each other.,hot_take
"Haven’t seen backrooms yet but I found the decision to shoot obsession Centre framed made sense. I immediately clocked the narrow aspect ratio and I think the framing supports a couple of things that I think the film is trying to achieve narratively. 1. the entire film is from the main characters point of view, so to me it makes sense that we’re always looking straight ahead. 2. the main character is narrow in his own perspective, he only does what feels right to him with little regard for others, especially Nikki, so we are not looking left and right because he doesn’t take other perspectives into account. 3. the narrow aspect ratio gives the film a more claustrophobic feel and there is little room for the characters to move within the frame. 4. the audience is trained to only regard what’s right in the centre, which makes some of the scares, like when Nikki stands in the corner of the bedroom at night or the car scene, more effective.

That said, for other movies it might not be serving the narrative as well to have everything centre framed. I’m spitballing, but proper eye tracing and careful editing probably takes a lot more time and therefore money. Maybe that plays into the fact that framing has become less dynamic?",analysis
"None of those things need the degree of lazy, boring constant center-framing (and shallow depth of field, which is another obnoxious modern trend) that Obsession goes for.",hot_take
"neat observation. Like when he says 'a lot of people didn't know 'x'', it's a tell he just found out.",analysis
Yeah he took the bait and made it out of the trap in the movie. In real life Cohen's game was gaining ownership in his client's businesses through them needing to sell off from expensive legal issues.,analysis
"
I didn't think I'd be able to sit through this one but it's well done and revealing.

Interesting to note and very telling that Trump only threatened to sue but didn't follow through - discovery in court would've likely produced even more juicy details that he didn't want in the public eye.",hot_take
"i  did in fact think the ending was on the nose to the point of being tacky. A lot of the more direct modern Trump-isms didn’t flow for me. But as a whole I say the movie worked mostly because of that absolutely ghoulish Jeremy Strong performance. Movie Roy Cohn is a difficult character, because he’s a soulless man who doesn’t feel much besides anger when things don’t go his way (does he even really feel this or does he just go through the motions of performing it?) and gratification when they do (same question as above). But on a fundamental level you need to feel a twinge of sympathy when he’s betrayed, the movie doesn’t work unless the scene of the maids deep cleaning the dining room after he gets sick gives you a blow to the heart.",analysis
"I guess we are ignoring the fact that all the female characters in HEAT are paper thin. I love HEAT but boy, are women an afterthought. Halle Berry is great in CRIME 101 (though the movie lets her down in the final stretch).",analysis
Monica Barbaro falling head over heels in love with a guy who can't list a single hobby during their date isn't exactly flattering.,hot_take
"Agreed. The movie needed Hemsworth to be more charismatic or outwardly passionate about something yet emotionally closed off to make her going on several dates with him make more sense. I guess the point is that he doesn't have any real interests outside of making money out of fear and that could be interesting subject matter, but if it's that extreme, it would be both more fitting and narratively refreshing to have him completely bomb the first date and not get another.",analysis
Very true re: Monica Barbaro. But Chris H is sooooo handsome. Way better looking than Robert De Niro. Amy Brenneman did what she could with Edie but the character feels like she’s just some animatronic ‘smart woman with vaguely defined creative job’ who only switch to life when De Niro needs a scene partner. I wish Crime 101 would’ve given Halle a full Jackie Brown arc and not just sidelined her for the boys figuring out their manly shit Act 3.,analysis
"Women are an afterthought to the male characters in the context of the film, as well. It's a conscious choice by the writer.",hot_take
"eat's story is not one that is driven by female characters.. Would the story or pacing improve if the film took time to flesh out the female characters, i.e. give them dreams and backstories?",analysis
"
Writing bad female characters who are nothing more than stereotypes (supportive girlfriend, suicidal daughter, woman who works in ill-defined creative field, wife who yells why-are-you-never-home?!) isn’t a conscious choice, it’s bad writing. Even with limited screentime, they should still feel like real humans who might exist in the real world. I mean, hell, Danny Trejo and Tone Loc feel more lived-in than Ashley Judd, Amy Brenneman, etc. It must be a strange world you live in where only men are allowed dreams and backstories.",analysis
"I enjoyed it, but the ending was a let-down. Crime movies almost always have some version of the ""crime doesn't pay"" message, which makes sense. If you're working with other criminals, of course things are going to fall apart no matter how careful you are.",hot_take
"But the ending of Crime 101 is pretty much ""crime does actually pay (unless you're an incompetent psycho)"". It's fun, but it's not dramatically satisfying. And that goes for the movie as a whole, really.",hot_take
"It's less the message itself and more that it lends itself to such a dramatically inert ending. I'm not saying ending in tragedy/cautionary tale needs to be the message, but it needs to have a little more teeth than ""Everything works out for basically everyone"".",hot_take
"Yes exactly. Just to clarify, I'm not saying that crime movies should have a moral. I'm just saying that when things go badly for criminals in films, it makes the most sense dramatically.",hot_take
I'm one of the few people that thinks Heat is not that great of a film.,reaction
"Crime 101 can't get out of its own way. The script just adds random characters and arcs that are abandoned by the next sequence. There's a dedicated romance angle that does absolutely nothing to advance the story, characters or plot. The acting isn't bad and the characters themselves would be more interesting under a better director and script.",analysis
It seems like the producers insisted that the film contains 5 elements and they will be shoe-horned in continuity be damned. Its a great example of the issues we are seeing in recent film making,hot_take
Nick Nolte's character not getting any sort of acknowledgement in the third act was so odd.,reaction
"
The relationship is a device that helps develop Hemsworth's emotional stuntedness a lot imo, but unfortunately it's hard to forget about the insufficient and unbelievable construction of that device",hot_take
"It really felt like the characters benefited from being played by such skilled actors that gave them a depth that wasn't on the page. Barry Keoghan's character in particular felt like it was paper-thin but the performance left it with an unearned depth. Ruffalo's cop is as cliche as it gets, but Ruffalo is so good at playing that character at this point.",analysis
I always wonder if the cost of shooting digital v film has allowed scripts and poor direction to thrive. Before digital there was a cost to shooting this kind of fluff and a good producer would have pushed to eliminate it from the script,hot_take
"
It was silly that there was such a to-do over Ruffalo’s choice of car in the first place. His partner acts like he’s some sort of self-promoting entrepreneur or something to say that Ruffalo’s cop sedan is an embarrassing car for a cop to be seen in. So this business was paid off in the end of the film.

I stopped watching it just a couple of scenes after this first “sedan-gate” scene. The movie is silly and also tired in a way that’s depressing. It doesn’t gain anything by having Nick Nolte in it to play a cliché stock character.",analysis
"I have not watched Crime 101, but this feels like an elevator pitch that can be applicable to lots of gritty cop movies. You can even take out ""Characters missing something in their lives"" and apply that to nearly anything with a cursory focus on characters.

It seems like this ""review"" is more about Heat than it is Crime 101. I am curious -- is the juxtaposing of these films based on anything besides the elevator pitch? Did the director cite Heat as an inspiration? There is nothing wrong with comparing films that are in the same genre, but this reads like you were expecting the film to be similar to Heat, and your criticisms are because it wasn't.


",analysis
"
""the table that sits in between them as they breakdown who they are""

yeah, when they end that conversation and the cop is like, ""I'm gonna try to get ya, robber."" and the robber is like, ""well, if ya try, I'm gonna do what I gotta do to be free, because I'm a robber and yr a cop."" I was like, GENIUS!

but seriously, Thief is better than both these movies by a long shot.",analysis
"Seriously if there is a Michael Mann movie it’s pulling from its Thief not Heat

Its just left me thinking “wow I would so much rather be watching Thief right now”",reaction
"
Totally, not even in the conversation with heat. Completely forgettable",reaction
"I mostly agree. It definitely was inspired by Heat (especially the look/vibe) but it's not at all Heat level apirational. (one of the Film School 101-adages we all know is we judge a work based on it's own goals, not another film).",hot_take
"
If enough works share enough thematic, visual, narrative, audio or formalistic tropes that correlate, they can be said to share a genre - cause that's what a genre is.

I think that if you said to someone that you like films in the ""angry man crisis genre"" they'd be able to guess a few of your list there pretty quickly.",hot_take
"
I don’t think the question is that simple or obvious. There aren’t easy tropes or stylistic similarities here, and the themes might even be debatable. First Reformed and The Wrestler? In A Lonely Place and Taxi Driver? Someone is bound to disagree.

I’ve seen Bad Lieutenant called a “crime drama.” Raging Bull was on someone’s list of best boxing movies. Whether or not they share enough to be grouped together is a legitimate question. What they share is an interesting topic.",hot_take
"Things can and do fit into multiple genres, it is all a matter of how you defend and weigh the tropes. Things can be a crime drama and also be romantic drama or whatever. It never matters if someone disagrees - people always will and it is up to you to have a clear argument about what tropes you are drawing from and why they matter in the discussion you are having.

The entirety of your list do not all share enough tropes to the extend that they can all be neatly lumped together, I agree because some of them do deviate in tone and focus, sure. But it is not my list. If you see a correlation of tropes and can make a reasonable argument for why they should be grouped together in whatever context you need them to be then that work is up to you.",analysis
"A genre definition is really less of a theme and more of a collection of tropes or ideas that are more embedded in the fabric of the story.

For example, it would be easy to say that the Incredibles was a ""midlife crisis movie"" and that wouldn't be the worst way to put it..

But genres are generally more reductive than concept..

You could say the Incredibles is an action film, you could say that it's a comedy/drama , you could say it's a period film of sorts, or maybe even science fiction.",analysis
"Genre was probably imprecise. It’s more accurate to call it a family resemblance. These films share the same DNA.

More interesting than how they’re classified is what they share, Many are highly regarded. What makes them so compelling?",hot_take
"
I have no idea why you're getting downvoted on your post and your comments, but you're unironically making a lot of sense and no one here seems to want to engage in good faith. I agree with you that there has to be a term that categorises these movies without condoning or condemning them. I'm waiting for an answer too but all i see is people misunderstanding your question and explaining what a genre is.",hot_take
"Personally I think your experience is what was intended. I think the music, the editing, and the writing are all constructed not to give us time to settle in and reflect on the narrative. The movie is like a ticking clock; it constantly builds tensions and momentum and doesn't take its foot off the gas until the moment the bomb finally detonates.

To me this is what working on the Manhattan Project must have felt like - it's huge and exciting and there's a ton of people and there is so much energy and urgency that nobody has time to think about what they're doing. We have writings from people who worked on the project, saying they didn't even start thinking about what they'd actually built until after they'd built it. The whole movie is about creation without reflection.",analysis
"""I think the music, the editing, and the writing are all constructed not to give us time to settle in and reflect on the narrative ""

To be honest, that's been his filming style for almost all his previous productions.",analysis
"To be honest, that's been his filming style for almost all his previous productions.

",hot_take
You say that like it's a good thing.,reaction
True. I didn’t feel like this was faster paced. Shorter scenes more cuts,analysis
"That's because it's not a biopic, it's advertised as one, but it's more of an exploration of the creation of the bomb through Oppenheimer's eyes.

""we are introduced to a huge ensemble of characters, which could have made for a convoluted narrative but the editing helps us keep track of who those people are""

An ensemble of characters ""a group of core characters who share roughly equal narrative importance, typically lacking a single main protagonist, and have the same amount of screen time."" Oppenheimer has a lot of characters, it is not an ensemble. The perspective in an ensemble cast usually splits between the ensemble equally. Oppenheimer has far more screen time than Strauss, and Strauss has more screen time than Groves.

""Nolan gives us a lot to occupy our eyes and our ears""

And that's why it feels kind of thin in my opinion. It to me felt like something I couldn't put my hand in, in a negative way. Felt like a 3 hour trailer. It wasn't a biopic but the main character had an astronomical amount of screen time compared to the rest, has a bunch of characters but they get little screen time in comparison. The music felt like it was supporting a cinematic trailer's pace and not necessarily the drama on screen.",analysis
Not really. They explained why they thought this was a good thing for this movie. They didn’t just state the above as if it were what movies in general should try to achieve.,hot_take
"How isn't Oppenheimer a biopic?? If you're so keen on picking apart the definition of ""ensemble"" - here, I was clearly referring to the supporting ensemble, I never said it was an ""ensemble picture"" like Little Miss Sunshine -, AT LEAST you should concede that this movie belongs too in the biographical picture genre. My point here was to say this is not ""A Beautiful Mind"", a biopic where various figures aren't presented individually (i.e. the multiple psychiatrists that consulted on the lead's mental condition over the years are all represented by Christopher Plummer, who serves as ""the psychiatrist"" for narrative purposes).",analysis
"Unfortunately, people only call something a biopic if it fits a specific formulaic mold, and then they complain that biopics are bad. Well, if you broaden your definition a little, there's a ton of great biopics, and Oppenheimer is definitely a biopic",hot_take
"You can't really do that trope with someone so well-known, and so relatively recent. The people in the story were well-known. It wouldn't have made sense to make fake characters to represent people we know. It would be line in Michael if they made all the siblings into one sibling, Arturo P. Jackson. Or if they made an Obama movie and combined Biden and Hillary into one character (yes, it would be that jarring, at least if you know history). But u/Jiveturkeey really nails it when it comes to creative intent as well.",analysis
"I also get that the movie was down to put us in a specific state of mind, but to me that state was more restive than restless.

",reaction
This to me was a creative decision from Nolan’s part. He wanted to stick the closest as he could to the biographical story. And I respect that. And I also think the editing was well done to help us remember who Rami Malek and whoever else was when we meet them again two hours into the movie after briefly seeing them shaking hands with Cillian Murphy around the 20 minute mark.,analysis
"You just happen to be deeply familiar with this particular historical setting. They're not especially well known to the general public.

Hell, they're not more well-known than the characters in Hamilton, and Hamilton condensed characters.

(I didn't see Michael, but if they condensed all of his siblings into a single character I wouldn't notice. Not everyone knows or cares about what you know or care about.)",analysis
"
I geeked out when Fermi finally made his appearance, he was the only other one I actually knew about except for oppenheimer and einstein. , ",reaction
"My issues were of form vs content. I'm sure Oppenheimer's story with creating the bomb can be made into intriguing material. But the movie's FORM (that is, cinematography, music, and most of all editing) left no room for any kind of rumination, contemplation, reflection.

It's an assault on the senses. A first half where every second the camera cuts and cuts and cuts, the music is incessant. What characterization there is gets lost in all the noise. I'm also not sure why this movie needed the trademark Nolan non-linear approach (had the same problem with Dunkirk). The second half was a series of conversations on a very black and white subject, with RDJ playing a boring villain, everybody shouting, everything is underlined again and again.

The cinematography gets lauded for some reason, but there is little ingenuity in the filmmaking. As others have said, the bomb sequence ends up being underwhelming, but there's also not much room for interesting compositions when the movie moves as fast as it does. Also not sure why this demanded an IMAX release (again, had the same probem with other Nolan films and it feels like The Odyssey will end up the same). It's just not visually interesting.",analysis
"I think Nolan is probably more of a glorified Michael Bay (they have a lot in common), and that he doesn't understand the serious subjects he tackles. It's big, thunderous spectacle and pure entertainment without much substance. And that's perfectly fine.",hot_take
It would be perfectly fine if people stopped trying to convince me he was a genius above reproach,reaction
"Yes, that's true, it's probably because he borrows stylistic elements from other, greater directors. So we compare him to these great directors, of whom he isn't one. But let's say Nolan remains a Michael Bay-esque director with a classy English accent, and that applies not only to his filming style but also to his themes.",hot_take
"
I think the bigger issue was him making Oppenheimer v Strauss too much a good guys vs bad guys with a Final Takedown feeling artificially stand-up-and-cheer. It felt like the move needed to give Oppenheimer a Win at the end, which undercut his more emotionally authentic downfall.

That said, these are fair points. I personalky loved Gary Oldman’s 60 seconds of Truman, but I agree there was a parade of people whom we didn’t really know or understand.

I think Scorsese dealt with something very similar in The Irishman l,’dozens of historical characters come in and out and solved it pretty simply and effectively. He froze frame, put up their name, date of death, and means of death, then moved on.",analysis
"I think a part of this is how Nolan is just sort of obsessed with the aesthetic of “intelligence” or whatever. And a lot of the time he does it in a very cheap way that sort of panders to people wanting to feel smart.

The biggest example of this is his use of Nikola Tesla in the Prestige. It genuinely felt like he was just a fanboy who read some internet posts of how much of an “underrated genius” Tesla was and decided he wanted to include that in his movie. Even though the character he wrote did not explore Tesla as a person or his works at all, and just used his historical reputation for the aesthetic it provided.",analysis
"To me, the film whilst being a biopic really isn’t. It’s instead a portrait of the men who created the nuclear bomb and how that got turned into the atomic bomb project. All done by highly intelligent people but ones who also were “off” and possibly sociopathic. People who took huge risks that they didn’t know would’ve killed us all, and how that mentality continued through to the Cold War and the MAD doctrine.

Oppenheimer is the person we focus on this since we was such an important figure in that initial development, but this is why the film is doing both the nuclear bomb and the atomic bomb timelines with them interspersed.

This is why it doesn’t really hit as a biopic and why it avoids all of those tropes. Instead it humanises these figures that otherwise we all too easily see as faceless scientists who were just good at doing science, and not heavily flawed people that made the world so much more dangerous.",analysis
"Going to just add to your comment, Maybe Kamikaze Girls?",reaction
"Devil Wears Prada 2 is remarkably similar to the first movie. Not only does it have the same cast, but it also deals with Andy working with Miranda. The difference is Andy is no longer her assistant; she is trying to help save the magazine. Since they are helping each other, Miranda has a little more respect for Andy. They both want the same thing, to keep runway and stay relevant in a world that is reading more online. Hathaway did an excellent job playing as a journalist just trying to do the right thing. Andy is my favorite character; due to the fact she was the first one to break the news of why she really was fired. However, I did not like the fact that she tried to take it back once she was part of Runway. Just because something gives publications bad publicity, does not mean she should apologize for telling the truth. It is sad that Whistleblowers get ridiculed for speaking the truth",analysis
"What are some of the ultimate cosmic errors in cinematic history? Instances where a director was destined for a specific project that fits their style to a T but never panned out? Christopher Nolan’s The Odyssey? Sounds fun. Del Toro’s Frankenstein? Cute. Neither I would consider as being anywhere close to the definitive adaptations of their respected works… but David Lean’s The Odyssey starring Peter O’Toole… Tim Burton’s Frankenstein starring Johnny Depp, Winona Ryder, and Michael Keaton as the Monster… the visuals are so clear that it’s a bit frustrating we never got to see either of these. What other examples are there of this?",hot_take
"The movie isn't out yet. Making a statement like this is nonsense, just based on a trailer.",reaction
"Chris Nolan’s Odyssey is nothing like the source material at all. Dogshit adaptation. From what I’ve seen, it’s only like 2 mins long and just repeatedly cuts from scene to scene.

What were they thinking??",hot_take
Cosmic errors of cinema indeed.,reaction
Great sarcasm but you’re missing the point. I’m not reviewing a movie that isn’t out yet. I’m looking at 25 years of Nolan’s DNA vs 40 years of Lean’s and how they translate to the Odyssey. But I guess we’ll see this summer. And then we can see how Nolan’s The Odyssey fares over the next 10 years. 50 years. 2700 years. Truly cosmic indeed.,analysis
"Taxes are a personal error; missing the moon is a technical one. A director like David Lean missing out on the most famous journey in western literary history is a cultural error. The Ocean to Lawrence of Arabia’s desert. When the style and the substance are a 1:1 match but never meet, cosmic is exactly how I’d describe it.",hot_take
I disagree. I maintain that David Lean made the definitive David Lean’s Lawrence of Arabia. And you cannot commit me otherwise.,hot_take
"How are errors cosmic? When I mess up on my moon landing calculations vs. my tax calculations?

Christopher Nolan’s The Odyssey?

Yes, millions of people agree, cosmic error. Missed the moon by that much...",hot_take
I think you mean missed opportunities or unexpected failures. I’d say Gangs of New York was average despite being Scorsese’s dream project. Heavens Gate is often cited. In terms of missed opportunities Kubrick’s Napoloean or Finchers 20000 leagues under the sea could have been intriguing. John Carpenter directing a Batman would have been epic and any of the many failed Welles projects.,analysis
"I'm thinking of Coppola's Pinocchio; it was the period right after his Dracula. He wanted to make an adaptation set during World War II, where the little wooden boy flees Nazism. It would have been very experimental, but I would have liked to see it.",analysis
"I've heard of some directors being criticized for being cold, with characters that are hard to care for.

I saw some criticism of this kind for the three-hour long movie Oppenheimer.

Someone who only shows up for a scene or is an extra is one thing, but what makes a character difficult to connect to for you, even in a film where they have lots of screentime and no shortage of scenes and dialogue? I don't want this discussion to focus on any one specific director or film like Oppenheimer, but the bigger subject.

While this subject can be subjective, what's your opinion and feeling on this anyway?",hot_take
"n my last film an actor complained to me that I kept referring to her character as the main character when the other character had most of the dialogue. I explained that she will be the main character because she's getting all the close-ups. She thought I was nuts, until she saw the finished film.

This works because cinema is a visual art form. Take any scene in movie history. Take, I dunno, the beach scene in Jaws. Don't change one word of the script but take all of Roy Scheider's close-ups away and give them to Mrs. Kitner. Poof, Mrs. Kitner is now who your audience connects with.

This won't make you like a character, but it will make you connect with them.",analysis
"Close ups help reading expressions (and microexpressions) much better, maybe that's why they work so well on this front?
You make a good point. Even if we don't like a character, being able to read them, and at least their motivations, definitely helps us knowing why we're on this journey with them.
Jaws definitely wouldn't be the same without that close-up where he first comes personally in contact with the big shark. That recoil was a fantastic reaction.",analysis
"This is the best comment I've read in ages. It's something I'd never thought of, but which makes complete sense once you realise it. Thanks for sharing!",reaction
"
Thanks!",reaction
"It's a very nebulous thing but my theory is that it's not about characters, it's about relationships. It's about what one character thinks of another, and how they interact, and the emotions they instill in each other, and how that relationship changes each character. The mistake filmmakers make is that it's NOT about the audience connecting - but about the characters in the story connecting. That's what the audience responds to.

One of the reasons we watch movies is to understand human relationships, and we respond warmly when they're well depicted on screen. So we connect to characters who are able to connect with each other, whether it's love or hate or respect or disgust. You can make a great hero character, or a flawed hero character, but the audience won't connect with them in any way unless they have a real relationship with another character in the story. It's why Superman has Lois Lane. Their relationship is what makes the characters relatable and human, not his super powers or the action or his perfect looks.",analysis
"I often feel this way about Chris Nolan films, to a lesser degree with Kubrick, and an even greater degree with Zach Snyder. Their characters, to me, don’t display much humanity or weakness, and it lends to them feeling robotic. Not in an acting performance way, but in an “unnaturally perfect and effective” way. Their goals are so lofty that when they succeed, it feels unearned in a way. And they regularly don’t get across the trauma and exertion to accomplishing their goals.",analysis
"Nolan is my favorite filmmaker but this does touch on something that is a legit criticism of his: I’ve never given a fuck about a character in any of his movies. Even Interstellar, where there is emotional resonance, isn’t due to the characters but moreso the movie as a whole, if that makes sense. I can get over this, don’t really care, but I can see how someone who wants to emotionally connect with a film but dislike him. ",analysis
"
Yeah I totally feel you. Interstellar is the biggest offender to me, because I feel like it has the potential to be such an emotionally impactful movie and it kinda falls flat in that regard. Do love Nolan though, definitely one of my top active American filmmakers. It’s hard to give him too much flack for this, because his films aren’t really aiming to have that emotional resonance as much as they are to be just spectacular and technologically innovative. I see him sort of carrying the torch for Kubrick in that way.",hot_take
"
Wow I am not a Nolan fan and now I’m wondering if that’s why.",reaction
"
I think the only characters I've ever really cared about are some of the side characters in Inception, which I'll put on the acting moreso than the writing.",hot_take
"Kubrick makes me smile, because he tends to push his audience. In several of his films, he'll show the warts of his characters early on (Alex, Humbert, Barry) and then put them in a situation where your question, as a viewer, is ""do I sympathize with them or not?""

There's nothing wrong with *not* sympathizing; but, by that same token, there's nothing ""wrong"" with refusing to feel sympathy for the sniper in FMJ (there, too, Kubrick shows a sniper that withholds the benefit of a quick death, and then, after her reversal, asks ""can you now muster sympathy?"").",analysis
"
Yes, I don't need to ""connect"" with any character necessarily, as long as I can connect to the filmmaking as a whole; mood, tone, story, visual approach, the themes it lays out etc. Kubrick is a prime example, although I find him less cold than some people, he is very subtle in giving the traditional emotional beats to a character, but they can be found (in FMJ for example, the way Joker covers his ears to not hear Pyle cry in agony, or the way he looks at the wounded sniper)",analysis
"
I think it's telling the most explicitly pathetic scene in all of Kubrick is HAL's 'death scene' when he's being disconnected. ""Dave... My mind is going... I can feel it..""",hot_take
"Just finished watching Antonioni’s L’Avventura, which is part of his alienation trilogy and where he did not want us to identify with the characters. He achieves it partly by refusing to give us reaction shots in dialogue – characters often speak with their backs to us, with two characters speaking one of them is completely unreadable to us because we can’t see their face, and sometimes both characters have their backs turned to us. Lots of long takes in impressive landscapes that overwhelm the characters as well– again, often with their backs to us – and added to that they don’t act very rationally, but we don’t know enough about their pasts to have any idea why they are doing what they’re doing. They are ciphers to one another and to us watching it.",analysis
"
I’ve had L’Aventura staring at me for awhile now, you motivated me to bump it up the watch list because that sounds super interesting.",reaction
"
Mm, with both of those directors there can sometimes be a “style over substance” argument that can be made… I think it shows in things like the Tarkovsky color-grading “homage.” (And I say that as someone who really has loved some of Nolan’s movies!) There’s always something interesting about watching a director get caught up in their own set of rules and obsessions to the point that it sometimes might be counterproductive to the film/audience experience– now I’m thinking of Nolan making the atomic explosion anti-climactic…

I can’t say “Enjoy L’Avventura” because Antonioni doesn’t really want you to, but I hope you find it as interesting as I did to be alienated by it!",analysis
"I dont care if I have nothing in common with the character, I don't care if I know anyone like the character, I don't care if the character is a good person or likable. They need to feel convincing as entities (consistent, operating under certain logic and principles etc), rather than serving as an illustration of some message or a tool to deliver it.",hot_take
"
Well said!",reaction
"For me, it's when the character does not behave in a way that is realistic to the scenario. To be sure, the situation can be absurd, that's not a problem at all, hell the character can be a complete psychopath, but they must act in a way that a psychopath would act.

Dimwitted high schoolers, for example, can have some depth - stupidity and immaturity do not negate real feelings - but they can't put on a pair of glasses and start doing advanced calculus.",hot_take
"Oftentimes I think that a character who is hard connect with is due to the script failing to place him in situations that might make the viewer think to themselves, “oh, yeah, I’ve definitely been *there*.”
As an example, there’s A Fish Called Wanda - right away in the opening scenes all these characters feel real and relatable because the script does a fantastic job of creating a world that resembles the world the audience actually lives in on a daily basis. Surely there are other factors, but a good script can be the difference here.",
"Jim Henson created a muppet called Beauregard who pops up in all those films. He gets an incredible line in the Great Muppet Caper. The muppets are in a gallery looking down at the Mallory Gallery and thinking about how they can get down to the diamond and Beauregard says, ""what if we only fall 1/2 of the way down?"" Fantastic line. Super funny.",analysis
"I get a TOTAL disconnect when a character do horrible shit towards others, and I'm expected to empatize with them because they ""flawed"" and super whiny. There's some victim/aggressor reversal going on that I just can't handle. Examples: ZERO DARK THIRTY (torture) DOCTOR WHO's Harriet Jones arc (genocide against the space muslims)

That said, I loved it in BOJACK HORSEMAN, because they subvert the trope quite cleverly!",analysis
"sometimes though the movie seems to want me to believe in a character but they never amount to anything more than a bag of clichés or surface properties with nothing to distinguish them as a character (Anyone But You, Woman Of The Hour, Crazy Rich Asians), or they’re kids who weren’t directed very well (Knock At The Cabin, Brightburn), or they’re way too self-serious and overwrought to buy into (lots of Schrader or Aronofsky characters lately)

",analysis
"TD was accused of being a sexist good ole boys’ club. At the least, there’s truth to the show (S1) being a male fantasy—the jaded and spurned protectors living a life of self-sacrifice.

When the last season of TD came out, the women cops seemed apathetic. The difference was that the S1 cops had disaster home lives, but they were actually very into trying to avenge the female homicide victims.

In S4, Jodie Foster’s sheriff character snaps a frozen man’s arm off, and it turns out he’s alive. And now in agonizing pain.",analysis
"For me, that's when emotional logic fails. We all have our contradictions, and sometimes we're inscrutable. But when this is the rule rather than the exception, it's noticeable. I think this can even be seen in characters whose defining trait is being erratic. Even there I'd argue it should be possible to make sense of the unpredictability.",hot_take
"Usually for a character to connect, they have to be relatable and show some degree of vulnerability, thought process, understandable motivation, concern for others, and a sense of being moral.",hot_take
"Why do people think they always have to like the protagonist? Sometimes the entire point of the movie is that this is not a likable person. Oppenheimer was kind of an arrogant dick who invented the worst weapon in the world, Humbert was a delusional pedophile and Jack Torrance was a drunken domestic abuser. Very bad don't do. Normalize hating people in movies.",analysis
"In general it was, thought I have to say that streaming at home and watching in a big theater are obviously two different experiences. Again the themes of reveling in minor but beautiful details, taking pride in your work no matter what it is, the comfort of routine, the value of the quiet life out of the rat race, the contentment with not keeping up with the latest technology all stood out. But what I did not expect were a number of themes or details that I had forgotten about.

Somehow I had completely forgotten that in just one line we find out that Hirayama's father was mean or cruel to him in some way, and he refuses to go see him even though his father is now in a state of dementia. Without saying much, the film gives a big hint to a reason for his estrangement from his family.

There were constant shots either straight on or in the background of the Tokyo Skytree, the tall spire of a building. (I didn't know what it was, I just looked it up.) I assumed it must have some significance to the story since it's in so many shots, but I couldn't fathom it. Sign of commercialism? Gaudy building towering over his very peaceful, small life? No idea.

The girl with the sad (or is it wistful?) look on her face who eats her lunch in the same park as Hirayama and looks over at him frequently, but never speaks. Kindred spirit? Also someone not in need of walls or words to connect with someone? or the alternative take on Hirayama's solitary life: loneliness rather than contentment? I have no idea.",analysis
That’s great to know. I was thinking of checking her out now I have a good idea where to start,reaction
"
Now that you've put them side by side, it's made me wonder if the Skytree is set up as a deliberate juxtaposition to the trees he photographs? I think the niece comments on the Skytree too, and it's the sort of thing a ""normal"" tourist would photograph - so a nice contrast illustrating the protagonist's rejection of modernity in favour of deliberately paying attention to nature (in all its fleeting imperfection and beauty)",analysis
Mulholland Dr. was definitely my first spiritual awakening experience.,hot_take
"
Multiple times, and chasing that feeling is what feeds my love of cinema.

Standout examples (all seen in the theater):

- Lost Highway

- Under the Skin

- The Matrix

- LOTR: Fellowship

- The Fountain

- Underground

- Master & Commander

- Mulholland Dr.",reaction
Under the Skin got one out of me. Powerful film.,reaction
"Elevation emotion is what you are referring to. Some people are capable of feeling elevation emotion from music alone others feel it more when observing more prosocial acts (human goodness, selflessness, altruism, courage, etc..)

Elevation emotion is sometimes partially described as the opposite of social disgust (which makes us want to distance ourselves from what is observed). Elevation emotion draws us closer and makes us want to connect.",hot_take
And I think elevation emotion would have to associated with the emotion of awe. They virtually sound like the same thing.,hot_take
I would call this becoming completely absorbed in a film. This is stretching the term “spiritual” to the point of it being meaningless. Kind of like using the word “literally” when you mean “figuratively.” Being completely drawn into the world a film creates is a great experience. But it is not a “spiritual experience.”,hot_take
"Yes I agree completely! It’s like being taken along on a rollercoaster, obviously that is a true experience with value but it doesn’t teach you anything to move forward with your life",hot_take
"Not a lot of upvotes here but I have to agree. I love film for the absorption and magical moments it can provide. And yes on very rare occasions, spirituality can come, but it’s a different experience, with a different precursor.

Spirituality is not sensation. I would say I have experienced both, and I appreciate them both, but think it is a serious misstep to conflate them.",reaction
"As a Catholic, Scorsese’s Silence (2016) led me into the same experience that I’ve had with my most profound encounters with the sacrament of reconciliation (confession). I’m not sure how well I’d be able to articulate it in a way for somebody nonreligious to understand what I’m talking about, but it shook me in a way I’ve only ever experienced in my deepest prayers.

For a less explicitly religious version, Flow (2024) altered my entire mental state for the rest of the day. I’ve seen silent films before but they had “dialogue” with text on the screen. To see a story told entirely without words transformed me leaving the cinema. I felt more acutely aware of my presence in every moment. I went home and just sat in my backyard for a few hours watching the clouds drift, listening to birds and wind in the trees, that kind of thing. In this overstimulated world I often feel I have to drag myself into that kicking and screaming, but Flow took me there and I didn’t want to leave.",analysis
"I felt the same way as a catholic. In Silence and Stalker, another great film about faith.",reaction
I love this. I don’t know much about Gundam but this is another lovely reminder about what’s out there in the world to appreciate if you’re willing. I’ll have to give them a go.,reaction
"
One of my personal all time favourite movies is Elia Kazan's On the Waterfront. It had a message that really resonated with me, and the final scene where Terry stands up and walks to the pier I think is one of the most powerful and well made moments in all of cinema.",reaction
"I suppose the argument is that, even if we grant that the Convention was originally written due to classist snobbery (which is imo potentially a fair point to grant, however see the comment by joey-jo_jo-jr for a rationale beyond mere snobbery), by the time of Nicholson's protest this is completely besides the point. Nicholson must insist that rules are followed per se, or he has already lost. In other words no matter the content of the rules, if he admits that Saito has the power to alter them at will then he is admitting that he is granting Saito absolute authority. Regardless of the actual directions of Saito accenting to his arbitrary will would be a true loss of morale for the soldiers.",analysis
It's only classist snobbery if you think being an officer in the military is classist snobbery.,hot_take
"It was part of the Geneva Convention that POWs who were officers were exempt from hard labor. Nicholson says so. Sure, you're being ""presentist,"" but remember who made the rules of war, European students of Caesar, Alexander, and Napoleon, not Lenin.

That being said, Nicholson does care for all of his men, officers and enlisted alike and he did improve their conditions.

His flaw was thinking that making a mark in life is what matters. That bridge was his mark. Too bad it was for the enemy.",analysis
Although I will admit its one of the parts of the geneva convention that never really made that much sense to me.,hot_take
"Officers and enlisted men are inherently unequal, that's how one group can command the other. If they're put to work together it equalised them and undermines the authority of the officers.",hot_take
"It has been quite some time since I last watched this film.

I don't think we should judge the Colonel's intentions by just referencing the first half of the film. Yes, it was the right thing to do; to believe in, and to follow the Geneva Conventions. But does it matter in the end?

The tragedy of Nicholson's character is entirely lost if we judge him only by his actions from the first half. Nicholson was an exceedingly idealistic nationalist, to the point that he aids his enemy against his own nation! And that end was reached by means which are against his very principles, that we saw in the first half: in desperate need of upholding the reputation of the British Army, he 'asks' his own officers, and even the hospitalized men, to volunteer for manual labour—the very thing he fought against.

That really is the beauty of Nicholson's character, and which, indeed, seems like a recurring theme in David Lean's films (though the only other Lean film I've watched is Lawrence of Arabia (1962), which I love with great intensity). In Lean's films, we see flawed British men, who reach great heights and become 'legends' (with the quotes), are blinded by their own ideals, and thus ensues their tragedy. Nicholson's tragedy lay in the fact that he was too obsessed with being noble, and if you sympathize with his character, you are missing the point, and falling into the same trap!",analysis